,day,percent died,percent recovered
,0,0,0
,1,1,2.33333333333333
,2,2,6
,3,4,10
,4,7,13
,5,8,15.6666666666667
,6,11,19.3333333333333
,7,14,22.6666666666667
,8,16,26
,9,19,30.3333333333333
,10,22,34.3333333333333
,11,25,37.6666666666667
,12,26,40.6666666666667
,13,28,43
,14,30,46
,15,32,48.3333333333333
,16,32,50.6666666666667
,17,34,53.3333333333333
,18,35,55.6666666666667
,19,36,56.6666666666667
,20,37,58.3333333333333
,22,37,59.6666666666667
,25,37.6666666666667,60